Draft Year,First Season,Draft Pick,Name,College,Team Drafted,Total,1st Year,2nd Year,3rd Year Option,4th Year Option
2011,2011-2012,1,Kyrie Irving,Duke,CLE,"$23,198,010 ","$5,144,280 ","$5,375,760 ","$5,607,240 ","$7,070,730 "
2011,2011-2012,2,Derrick Williams,Arizona,MIN,"$20,760,924 ","$4,602,720 ","$4,809,840 ","$5,016,960 ","$6,331,404 "
2011,2011-2012,3,Enes Freedom,,UTA,"$18,652,514 ","$4,133,280 ","$4,319,280 ","$4,505,280 ","$5,694,674 "
2011,2011-2012,4,Tristan Thompson,Texas,CLE,"$16,821,270 ","$3,726,600 ","$3,894,240 ","$4,062,000 ","$5,138,430 "
2011,2011-2012,5,Jonas Valanciunas,,TOR,"$15,239,922 ","$3,374,640 ","$3,526,440 ","$3,678,360 ","$4,660,482 "
2011,2011-2012,6,Jan Vesely,,WAS,"$13,845,167 ","$3,065,040 ","$3,202,920 ","$3,340,920 ","$4,236,287 "
2011,2011-2012,7,Bismack Biyombo,,SAC,"$12,645,278 ","$2,798,040 ","$2,923,920 ","$3,049,920 ","$3,873,398 "
2011,2011-2012,8,Brandon Knight,Kentucky,DET,"$11,589,837 ","$2,563,320 ","$2,678,640 ","$2,793,960 ","$3,553,917 "
2011,2011-2012,9,Kemba Walker,UConn,CHA,"$10,659,171 ","$2,356,320 ","$2,462,400 ","$2,568,360 ","$3,272,091 "
2011,2011-2012,10,Jimmer Fredette,BYU,MIL,"$10,128,036 ","$2,238,360 ","$2,339,040 ","$2,439,840 ","$3,110,796 "
2011,2011-2012,11,Klay Thompson,Washington State,GSW,"$9,742,480 ","$2,126,520 ","$2,222,160 ","$2,317,920 ","$3,075,880 "
2011,2011-2012,12,Alec Burks,Colorado,UTA,"$9,367,716 ","$2,020,200 ","$2,111,160 ","$2,202,000 ","$3,034,356 "
2011,2011-2012,13,Markieff Morris,Kansas,PHO,"$9,005,799 ","$1,919,160 ","$2,005,560 ","$2,091,840 ","$2,989,239 "
2011,2011-2012,14,Marcus Morris,Kansas,HOU,"$8,659,181 ","$1,823,280 ","$1,905,360 ","$1,987,320 ","$2,943,221 "
2011,2011-2012,15,Kawhi Leonard,San Diego State,IND,"$8,323,699 ","$1,731,960 ","$1,809,840 ","$1,887,840 ","$2,894,059 "
2011,2011-2012,16,Nikola Vucevic,USC,PHI,"$7,909,700 ","$1,645,440 ","$1,719,480 ","$1,793,520 ","$2,751,260 "
2011,2011-2012,17,Iman Shumpert,Georgia Tech,NYK,"$7,517,295 ","$1,563,120 ","$1,633,440 ","$1,703,760 ","$2,616,975 "
2011,2011-2012,18,Cris Singleton,Florida State,WAS,"$7,145,050 ","$1,485,000 ","$1,551,840 ","$1,618,680 ","$2,489,530 "
2011,2011-2012,19,Tobias Harris,Tennessee,CHA,"$6,826,594 ","$1,418,160 ","$1,482,000 ","$1,545,840 ","$2,380,594 "
2011,2011-2012,20,Donatas Motiejunas,,MIN,"$6,556,245 ","$1,361,400 ","$1,422,720 ","$1,483,920 ","$2,288,205 "
2011,2011-2012,21,Nolan Smith,Duke,POR,"$6,366,420 ","$1,306,920 ","$1,365,720 ","$1,424,520 ","$2,269,260 "
2011,2011-2012,22,Kenneth Faried,Morehead State University,DEN,"$6,183,368 ","$1,254,720 ","$1,311,240 ","$1,367,640 ","$2,249,768 "
2011,2011-2012,23,Nikola Mirotic,,HOU,"$6,004,305 ","$1,204,560 ","$1,258,800 ","$1,312,920 ","$2,228,025 "
2011,2011-2012,24,Reggie Jackson,Boston College,OKC,"$5,829,450 ","$1,156,320 ","$1,208,400 ","$1,260,360 ","$2,204,370 "
2011,2011-2012,25,MarShon Brooks,Providence,BOS,"$5,659,594 ","$1,110,120 ","$1,160,040 ","$1,210,080 ","$2,179,354 "
2011,2011-2012,26,Jordan Hamilton,Texas,DAL,"$5,473,974 ","$1,073,280 ","$1,121,520 ","$1,169,880 ","$2,109,294 "
2011,2011-2012,27,JaJuan Johnson,Purdue,NJN,"$5,317,353 ","$1,042,320 ","$1,089,240 ","$1,136,160 ","$2,049,633 "
2011,2011-2012,28,Norris Cole,Cleveland State University,CHI,"$5,285,886 ","$1,035,960 ","$1,082,520 ","$1,129,200 ","$2,038,206 "
2011,2011-2012,29,Cory Joseph,Texas,SAS,"$5,247,301 ","$1,028,400 ","$1,074,720 ","$1,120,920 ","$2,023,261 "
2011,2011-2012,30,Jimmy Butler,Marquette,CHI,"$5,209,508 ","$1,020,960 ","$1,066,920 ","$1,112,880 ","$2,008,748 "
2012,2012-2013,1,Anthony Davis,Kentucky,NOH,"$23,198,010 ","$5,144,280 ","$5,375,760 ","$5,607,240 ","$7,070,730 "
2012,2012-2013,2,Michael Kidd-Gilchrist,Kentucky,CHA,"$20,760,924 ","$4,602,720 ","$4,809,840 ","$5,016,960 ","$6,331,404 "
2012,2012-2013,3,Bradley Beal,Florida,WAS,"$18,652,514 ","$4,133,280 ","$4,319,280 ","$4,505,280 ","$5,694,674 "
2012,2012-2013,4,Dion Waiters,Syracuse,CLE,"$16,821,270 ","$3,726,600 ","$3,894,240 ","$4,062,000 ","$5,138,430 "
2012,2012-2013,5,Thomas Robinson,Kansas,SAC,"$15,239,922 ","$3,374,640 ","$3,526,440 ","$3,678,360 ","$4,660,482 "
2012,2012-2013,6,Damian Lillard,Weber State,POR,"$13,845,167 ","$3,065,040 ","$3,202,920 ","$3,340,920 ","$4,236,287 "
2012,2012-2013,7,Harrison Barnes,UNC,GSW,"$12,645,278 ","$2,798,040 ","$2,923,920 ","$3,049,920 ","$3,873,398 "
2012,2012-2013,8,Terrence Ross,Washington,TOR,"$11,589,837 ","$2,563,320 ","$2,678,640 ","$2,793,960 ","$3,553,917 "
2012,2012-2013,9,Andre Drummond,UConn,DET,"$10,659,171 ","$2,356,320 ","$2,462,400 ","$2,568,360 ","$3,272,091 "
2012,2012-2013,10,Austin Rivers,Duke,NOH,"$10,128,036 ","$2,238,360 ","$2,339,040 ","$2,439,840 ","$3,110,796 "
2012,2012-2013,11,Meyers Leonard,Illinois,POR,"$9,742,480 ","$2,126,520 ","$2,222,160 ","$2,317,920 ","$3,075,880 "
2012,2012-2013,12,Jeremy Lamb,UConn,HOU,"$9,367,716 ","$2,020,200 ","$2,111,160 ","$2,202,000 ","$3,034,356 "
2012,2012-2013,13,Kendall Marshall,UNC,PHO,"$9,005,799 ","$1,919,160 ","$2,005,560 ","$2,091,840 ","$2,989,239 "
2012,2012-2013,14,John Henson,UNC,MIL,"$8,659,181 ","$1,823,280 ","$1,905,360 ","$1,987,320 ","$2,943,221 "
2012,2012-2013,15,Maurice Harkless,St. John's,PHI,"$8,323,699 ","$1,731,960 ","$1,809,840 ","$1,887,840 ","$2,894,059 "
2012,2012-2013,16,Royce White,Iowa State,HOU,"$7,909,700 ","$1,645,440 ","$1,719,480 ","$1,793,520 ","$2,751,260 "
2012,2012-2013,17,Tyler Zeller,UNC,DAL,"$7,517,295 ","$1,563,120 ","$1,633,440 ","$1,703,760 ","$2,616,975 "
2012,2012-2013,18,Terrence Jones,Kentucky,HOU,"$7,145,050 ","$1,485,000 ","$1,551,840 ","$1,618,680 ","$2,489,530 "
2012,2012-2013,19,Andrew Nicholson,St. Bonaventure,ORL,"$6,826,594 ","$1,418,160 ","$1,482,000 ","$1,545,840 ","$2,380,594 "
2012,2012-2013,20,Evan Fournier,,DEN,"$6,556,245 ","$1,361,400 ","$1,422,720 ","$1,483,920 ","$2,288,205 "
2012,2012-2013,21,Jared Sullinger,Ohio State,BOS,"$6,366,420 ","$1,306,920 ","$1,365,720 ","$1,424,520 ","$2,269,260 "
2012,2012-2013,22,Fab Melo,Syracuse,BOS,"$6,183,368 ","$1,254,720 ","$1,311,240 ","$1,367,640 ","$2,249,768 "
2012,2012-2013,23,John Jenkins,Vanderbilt,ATL,"$6,004,305 ","$1,204,560 ","$1,258,800 ","$1,312,920 ","$2,228,025 "
2012,2012-2013,24,Jared Cunningham,Oregon State,CLE,"$5,829,450 ","$1,156,320 ","$1,208,400 ","$1,260,360 ","$2,204,370 "
2012,2012-2013,25,Tony Wroten,Washington,MEM,"$5,659,594 ","$1,110,120 ","$1,160,040 ","$1,210,080 ","$2,179,354 "
2012,2012-2013,26,Miles Plumlee,Duke,IND,"$5,473,974 ","$1,073,280 ","$1,121,520 ","$1,169,880 ","$2,109,294 "
2012,2012-2013,27,Arnett Moultrie,Mississippi State,MIA,"$5,317,353 ","$1,042,320 ","$1,089,240 ","$1,136,160 ","$2,049,633 "
2012,2012-2013,28,Perry Jones,Baylor,OKC,"$5,285,886 ","$1,035,960 ","$1,082,520 ","$1,129,200 ","$2,038,206 "
2012,2012-2013,29,Marquis Teague,Kentucky,CHI,"$5,247,301 ","$1,028,400 ","$1,074,720 ","$1,120,920 ","$2,023,261 "
2012,2012-2013,30,Festus Ezeli,Vanderbilt,GSW,"$5,209,508 ","$1,020,960 ","$1,066,920 ","$1,112,880 ","$2,008,748 "
2013,2013-2014,1,Anthony Bennett,UNLV,CLE,"$24,010,049 ","$5,324,280 ","$5,563,920 ","$5,803,560 ","$7,318,289 "
2013,2013-2014,2,Victor Oladipo,Indiana,ORL,"$21,487,440 ","$4,763,760 ","$4,978,200 ","$5,192,520 ","$6,552,960 "
2013,2013-2014,3,Otto Porter Jr.,Georgetown,WAS,"$19,305,421 ","$4,278,000 ","$4,470,480 ","$4,662,960 ","$5,893,981 "
2013,2013-2014,4,Cody Zeller,Indiana,CHA,"$17,410,113 ","$3,857,040 ","$4,030,560 ","$4,204,200 ","$5,318,313 "
2013,2013-2014,5,Alex Len,Maryland,PHO,"$15,773,381 ","$3,492,720 ","$3,649,920 ","$3,807,120 ","$4,823,621 "
2013,2013-2014,6,Nerlens Noel,Kentucky,NOH,"$14,329,730 ","$3,172,320 ","$3,315,120 ","$3,457,800 ","$4,384,490 "
2013,2013-2014,7,Ben McLemore,Kansas,SAC,"$13,087,722 ","$2,895,960 ","$3,026,280 ","$3,156,600 ","$4,008,882 "
2013,2013-2014,8,Kentavious Caldwell-Pope,Georgia,DET,"$11,995,639 ","$2,653,080 ","$2,772,480 ","$2,891,760 ","$3,678,319 "
2013,2013-2014,9,Trey Burke,Michigan,MIN,"$11,032,158 ","$2,438,760 ","$2,548,560 ","$2,658,240 ","$3,386,598 "
2013,2013-2014,10,CJ McCollum,Lehigh,POR,"$10,482,459 ","$2,316,720 ","$2,421,000 ","$2,525,160 ","$3,219,579 "
2013,2013-2014,11,Michael Carter-Williams,Syracuse,PHI,"$10,083,526 ","$2,200,920 ","$2,300,040 ","$2,399,040 ","$3,183,526 "
2013,2013-2014,12,Steven Adams,Pitt,OKC,"$9,695,397 ","$2,090,880 ","$2,184,960 ","$2,279,040 ","$3,140,517 "
2013,2013-2014,13,Kelly Olynyk,Gonzaga,DAL,"$9,321,294 ","$1,986,360 ","$2,075,760 ","$2,165,160 ","$3,094,014 "
2013,2013-2014,14,Shabazz Muhammad,UCLA,UTA,"$8,962,299 ","$1,887,120 ","$1,971,960 ","$2,056,920 ","$3,046,299 "
2013,2013-2014,15,Giannis Antetokounmpo,,MIL,"$8,615,141 ","$1,792,560 ","$1,873,200 ","$1,953,960 ","$2,995,421 "
2013,2013-2014,16,Lucas Nogueira,,BOS,"$8,186,574 ","$1,703,040 ","$1,779,720 ","$1,856,280 ","$2,847,534 "
2013,2013-2014,17,Dennis Schroder,,ATL,"$7,780,502 ","$1,617,840 ","$1,690,680 ","$1,763,400 ","$2,708,582 "
2013,2013-2014,18,Shane Larkin,Miami (FL),ATL,"$7,395,002 ","$1,536,960 ","$1,606,080 ","$1,675,320 ","$2,576,642 "
2013,2013-2014,19,Sergey Karasev,,CLE,"$7,065,274 ","$1,467,840 ","$1,533,840 ","$1,599,840 ","$2,463,754 "
2013,2013-2014,20,Tony Snell,New Mexico,CHI,"$6,785,647 ","$1,409,040 ","$1,472,400 ","$1,535,880 ","$2,368,327 "
2013,2013-2014,21,Gorgui Dieng,Louisville,UTA,"$6,589,343 ","$1,352,640 ","$1,413,480 ","$1,474,440 ","$2,348,783 "
2013,2013-2014,22,Mason Plumlee,Duke,BRK,"$6,399,770 ","$1,298,640 ","$1,357,080 ","$1,415,520 ","$2,328,530 "
2013,2013-2014,23,Solomon Hill,Arizona,IND,"$6,214,419 ","$1,246,680 ","$1,302,840 ","$1,358,880 ","$2,306,019 "
2013,2013-2014,24,Tim Hardaway Jr.,Michigan,NYK,"$6,033,525 ","$1,196,760 ","$1,250,640 ","$1,304,520 ","$2,281,605 "
2013,2013-2014,25,Reggie Bullock,UNC,LAC,"$5,857,804 ","$1,149,000 ","$1,200,720 ","$1,252,440 ","$2,255,644 "
2013,2013-2014,26,Andre Roberson,Colorado,MIN,"$5,665,592 ","$1,110,840 ","$1,160,880 ","$1,210,800 ","$2,183,072 "
2013,2013-2014,27,Rudy Gobert,,DEN,"$5,503,368 ","$1,078,800 ","$1,127,400 ","$1,175,880 ","$2,121,288 "
2013,2013-2014,28,Livio Jean-Charles,,SAS,"$5,470,787 ","$1,072,200 ","$1,120,440 ","$1,168,680 ","$2,109,467 "
2013,2013-2014,29,Archie Goodwin,Kentucky,OKC,"$5,430,929 ","$1,064,400 ","$1,112,280 ","$1,160,160 ","$2,094,089 "
2013,2013-2014,30,Nemanja Nedovic,,PHO,"$5,391,647 ","$1,056,720 ","$1,104,240 ","$1,151,760 ","$2,078,927 "
2014,2014-2015,1,Andrew Wiggins,Kansas,CLE,"$24,850,243 ","$5,510,640 ","$5,758,680 ","$6,006,600 ","$7,574,323 "
2014,2014-2015,2,Jabari Parker,Duke,MIL,"$22,239,712 ","$4,930,560 ","$5,152,440 ","$5,374,320 ","$6,782,392 "
2014,2014-2015,3,Joel Embiid,Kansas,PHI,"$19,981,026 ","$4,427,640 ","$4,626,960 ","$4,826,160 ","$6,100,266 "
2014,2014-2015,4,Aaron Gordon,Arizona,ORL,"$18,019,460 ","$3,992,040 ","$4,171,680 ","$4,351,320 ","$5,504,420 "
2014,2014-2015,5,Dante Exum,,UTA,"$16,325,425 ","$3,615,000 ","$3,777,720 ","$3,940,320 ","$4,992,385 "
2014,2014-2015,6,Marcus Smart,Oklahoma State,BOS,"$14,831,260 ","$3,283,320 ","$3,431,040 ","$3,578,880 ","$4,538,020 "
2014,2014-2015,7,Julius Randle,Kentucky,LAL,"$13,545,962 ","$2,997,360 ","$3,132,240 ","$3,267,120 ","$4,149,242 "
2014,2014-2015,8,Nik Stauskas,Michigan,SAC,"$12,415,467 ","$2,745,840 ","$2,869,440 ","$2,993,040 ","$3,807,147 "
2014,2014-2015,9,Noah Vonleh,Indiana,CHO,"$11,418,513 ","$2,524,200 ","$2,637,720 ","$2,751,360 ","$3,505,233 "
2014,2014-2015,10,Elfrid Payton,Louisiana,PHI,"$10,849,500 ","$2,397,840 ","$2,505,720 ","$2,613,600 ","$3,332,340 "
2014,2014-2015,11,Doug McDermott,Creighton,DEN,"$10,436,434 ","$2,277,960 ","$2,380,440 ","$2,483,040 ","$3,294,994 "
2014,2014-2015,12,Dario Saric,,ORL,"$10,034,922 ","$2,164,080 ","$2,261,520 ","$2,358,840 ","$3,250,482 "
2014,2014-2015,13,Zach LaVine,UCLA,MIN,"$9,647,298 ","$2,055,840 ","$2,148,360 ","$2,240,880 ","$3,202,218 "
2014,2014-2015,14,T.J. Warren,NC State,PHO,"$9,276,051 ","$1,953,120 ","$2,041,080 ","$2,128,920 ","$3,152,931 "
2014,2014-2015,15,Adreian Payne,Michigan State,ATL,"$8,916,494 ","$1,855,320 ","$1,938,840 ","$2,022,240 ","$3,100,094 "
2014,2014-2015,16,Jusuf Nurkic,,CHI,"$8,473,305 ","$1,762,680 ","$1,842,000 ","$1,921,320 ","$2,947,305 "
2014,2014-2015,17,James Young,Kentucky,BOS,"$8,053,027 ","$1,674,480 ","$1,749,840 ","$1,825,200 ","$2,803,507 "
2014,2014-2015,18,Tyler Ennis,Syracuse,PHO,"$7,653,667 ","$1,590,720 ","$1,662,360 ","$1,733,880 ","$2,666,707 "
2014,2014-2015,19,Gary Harris,Michigan State,CHI,"$7,312,615 ","$1,519,200 ","$1,587,480 ","$1,655,880 ","$2,550,055 "
2014,2014-2015,20,Bruno Caboclo,,TOR,"$7,023,225 ","$1,458,360 ","$1,524,000 ","$1,589,640 ","$2,451,225 "
2014,2014-2015,21,Mitch McGary,Michigan,OKC,"$6,820,102 ","$1,400,040 ","$1,463,040 ","$1,526,040 ","$2,430,982 "
2014,2014-2015,22,Jordan Adams,UCLA,MEM,"$6,623,857 ","$1,344,120 ","$1,404,600 ","$1,465,080 ","$2,410,057 "
2014,2014-2015,23,Rodney Hood,Duke,UTA,"$6,432,184 ","$1,290,360 ","$1,348,440 ","$1,406,520 ","$2,386,864 "
2014,2014-2015,24,Shabazz Napier,UConn,CHO,"$6,244,560 ","$1,238,640 ","$1,294,440 ","$1,350,120 ","$2,361,360 "
2014,2014-2015,25,Clint Capela,,HOU,"$6,062,688 ","$1,189,200 ","$1,242,720 ","$1,296,240 ","$2,334,528 "
2014,2014-2015,26,P.J. Hairston,UNC,MIA,"$5,863,767 ","$1,149,720 ","$1,201,440 ","$1,253,160 ","$2,259,447 "
2014,2014-2015,27,Bogdan Bogdanovic,,PHO,"$5,695,940 ","$1,116,600 ","$1,166,760 ","$1,217,040 ","$2,195,540 "
2014,2014-2015,28,C.J. Wilcox,Washington,LAC,"$5,662,368 ","$1,109,760 ","$1,159,680 ","$1,209,600 ","$2,183,328 "
2014,2014-2015,29,Josh Huestis,Stanford,OKC,"$5,621,236 ","$1,101,600 ","$1,151,280 ","$1,200,840 ","$2,167,516 "
2014,2014-2015,30,Kyle Anderson,UCLA,SAS,"$5,580,344 ","$1,093,680 ","$1,142,880 ","$1,192,080 ","$2,151,704 "
2015,2015-2016,1,Karl-Anthony Towns,Kentucky,MIN,"$25,720,035 ","$5,703,600 ","$5,960,160 ","$6,216,840 ","$7,839,435 "
2015,2015-2016,2,D'Angelo Russell,Ohio State,LAL,"$23,017,978 ","$5,103,120 ","$5,332,800 ","$5,562,360 ","$7,019,698 "
2015,2015-2016,3,Jahlil Okafor,Duke,PHI,"$20,680,472 ","$4,582,680 ","$4,788,840 ","$4,995,120 ","$6,313,832 "
2015,2015-2016,4,Kristaps Porzingis,,NYK,"$18,650,094 ","$4,131,720 ","$4,317,720 ","$4,503,600 ","$5,697,054 "
2015,2015-2016,5,Mario Hezonja,,ORL,"$16,896,871 ","$3,741,480 ","$3,909,840 ","$4,078,320 ","$5,167,231 "
2015,2015-2016,6,Willie Cauley-Stein,Kentucky,SAC,"$15,350,475 ","$3,398,280 ","$3,551,160 ","$3,704,160 ","$4,696,875 "
2015,2015-2016,7,Emmanuel Mudiay,,DEN,"$14,020,000 ","$3,102,240 ","$3,241,800 ","$3,381,480 ","$4,294,480 "
2015,2015-2016,8,Stanley Johnson,Arizona,DET,"$12,850,042 ","$2,841,960 ","$2,969,880 ","$3,097,800 ","$3,940,402 "
2015,2015-2016,9,Frank Kaminsky,Wisconsin,CHO,"$11,817,962 ","$2,612,520 ","$2,730,000 ","$2,847,600 ","$3,627,842 "
2015,2015-2016,10,Justise Winslow,Duke,MIA,"$11,229,126 ","$2,481,720 ","$2,593,440 ","$2,705,040 ","$3,448,926 "
2015,2015-2016,11,Myles Turner,Texas,IND,"$10,801,804 ","$2,357,760 ","$2,463,840 ","$2,569,920 ","$3,410,284 "
2015,2015-2016,12,Trey Lyles,Kentucky,UTA,"$10,386,049 ","$2,239,800 ","$2,340,600 ","$2,441,400 ","$3,364,249 "
2015,2015-2016,13,Devin Booker,Kentucky,PHO,"$9,985,165 ","$2,127,840 ","$2,223,600 ","$2,319,360 ","$3,314,365 "
2015,2015-2016,14,Cameron Payne,Murray State,OKC,"$9,600,735 ","$2,021,520 ","$2,112,480 ","$2,203,440 ","$3,263,295 "
2015,2015-2016,15,Kelly Oubre Jr.,Kansas,ATL,"$9,228,550 ","$1,920,240 ","$2,006,640 ","$2,093,040 ","$3,208,630 "
2015,2015-2016,16,Terry Rozier,Louisville,BOS,"$8,769,710 ","$1,824,360 ","$1,906,440 ","$1,988,520 ","$3,050,390 "
2015,2015-2016,17,Rashad Vaughn,UNLV,MIL,"$8,334,685 ","$1,733,040 ","$1,811,040 ","$1,889,040 ","$2,901,565 "
2015,2015-2016,18,Sam Dekker,Wisconsin,HOU,"$7,921,655 ","$1,646,400 ","$1,720,560 ","$1,794,600 ","$2,760,095 "
2015,2015-2016,19,Jerian Grant,Notre Dame,WAS,"$7,568,554 ","$1,572,360 ","$1,643,040 ","$1,713,840 ","$2,639,314 "
2015,2015-2016,20,Delon Wright,Utah,TOR,"$7,268,738 ","$1,509,360 ","$1,577,280 ","$1,645,200 ","$2,536,898 "
2015,2015-2016,21,Justin Anderson,Virginia,DAL,"$7,058,648 ","$1,449,000 ","$1,514,160 ","$1,579,440 ","$2,516,048 "
2015,2015-2016,22,Bobby Portis,Arkansas,CHI,"$6,855,506 ","$1,391,160 ","$1,453,680 ","$1,516,320 ","$2,494,346 "
2015,2015-2016,23,Rondae Hollis-Jefferson,Arizona,POR,"$6,657,157 ","$1,335,480 ","$1,395,600 ","$1,455,720 ","$2,470,357 "
2015,2015-2016,24,Tyus Jones,Duke,CLE,"$6,463,213 ","$1,282,080 ","$1,339,680 ","$1,397,400 ","$2,444,053 "
2015,2015-2016,25,Jarell Martin,LSU,MEM,"$6,274,822 ","$1,230,840 ","$1,286,160 ","$1,341,600 ","$2,416,222 "
2015,2015-2016,26,Nikola Milutinov,,SAS,"$6,069,195 ","$1,189,920 ","$1,243,560 ","$1,297,080 ","$2,338,635 "
2015,2015-2016,27,Larry Nance Jr.,Wyoming,LAL,"$5,895,311 ","$1,155,600 ","$1,207,680 ","$1,259,640 ","$2,272,391 "
2015,2015-2016,28,R.J. Hunter,Georgia State University,BOS,"$5,860,628 ","$1,148,640 ","$1,200,240 ","$1,251,960 ","$2,259,788 "
2015,2015-2016,29,Chris McCullough,Syracuse,BRK,"$5,817,886 ","$1,140,240 ","$1,191,480 ","$1,242,840 ","$2,243,326 "
2015,2015-2016,30,Kevon Looney,UCLA,GSW,"$5,775,721 ","$1,131,960 ","$1,182,840 ","$1,233,840 ","$2,227,081 "
2016,2016-2017,1,Ben Simmons,LSU,PHI,"$26,620,450 ","$5,903,160 ","$6,168,840 ","$6,434,520 ","$8,113,930 "
2016,2016-2017,2,Brandon Ingram,Duke,LAL,"$23,823,685 ","$5,281,680 ","$5,519,400 ","$5,757,120 ","$7,265,485 "
2016,2016-2017,3,Jaylen Brown,California,BOS,"$21,404,269 ","$4,743,000 ","$4,956,480 ","$5,169,960 ","$6,534,829 "
2016,2016-2017,4,Dragan Bender,,PHO,"$19,302,919 ","$4,276,320 ","$4,468,800 ","$4,661,280 ","$5,896,519 "
2016,2016-2017,5,Kris Dunn,Providence,MIN,"$17,488,287 ","$3,872,520 ","$4,046,760 ","$4,221,000 ","$5,348,007 "
2016,2016-2017,6,Buddy Hield,Oklahoma,NOP,"$15,887,648 ","$3,517,200 ","$3,675,480 ","$3,833,760 ","$4,861,208 "
2016,2016-2017,7,Jamal Murray,Kentucky,DEN,"$14,510,706 ","$3,210,840 ","$3,355,320 ","$3,499,800 ","$4,444,746 "
2016,2016-2017,8,Marquese Chriss,Washington,SAC,"$13,299,636 ","$2,941,440 ","$3,073,800 ","$3,206,160 ","$4,078,236 "
2016,2016-2017,9,Jakob Poeltl,Utah,TOR,"$12,231,806 ","$2,703,960 ","$2,825,640 ","$2,947,320 ","$3,754,886 "
2016,2016-2017,10,Thon Maker,,MIL,"$11,622,123 ","$2,568,600 ","$2,684,160 ","$2,799,720 ","$3,569,643 "
2016,2016-2017,11,Domantas Sabonis,Gonzaga,ORL,"$11,179,555 ","$2,440,200 ","$2,550,000 ","$2,659,800 ","$3,529,555 "
2016,2016-2017,12,Taurean Prince,Baylor,UTA,"$10,749,666 ","$2,318,280 ","$2,422,560 ","$2,526,840 ","$3,481,986 "
2016,2016-2017,13,Georgios Papagiannis,,PHO,"$10,334,366 ","$2,202,240 ","$2,301,360 ","$2,400,480 ","$3,430,286 "
2016,2016-2017,14,Denzel Valentine,Michigan State,CHI,"$9,936,769 ","$2,092,200 ","$2,186,400 ","$2,280,600 ","$3,377,569 "
2016,2016-2017,15,Juancho Hernangomez,,DEN,"$9,551,670 ","$1,987,440 ","$2,076,840 ","$2,166,360 ","$3,321,030 "
2016,2016-2017,16,Guerschon Yabusele,,BOS,"$9,076,636 ","$1,888,200 ","$1,973,160 ","$2,058,120 ","$3,157,156 "
2016,2016-2017,17,Wade Baldwin,Vanderbilt,MEM,"$8,626,446 ","$1,793,760 ","$1,874,400 ","$1,955,160 ","$3,003,126 "
2016,2016-2017,18,Henry Ellenson,Marquette,DET,"$8,199,204 ","$1,704,120 ","$1,780,800 ","$1,857,480 ","$2,856,804 "
2016,2016-2017,19,Malik Beasley,Florida State,DEN,"$7,833,514 ","$1,627,320 ","$1,700,640 ","$1,773,840 ","$2,731,714 "
2016,2016-2017,20,Caris LeVert,Michigan,IND,"$7,523,278 ","$1,562,280 ","$1,632,480 ","$1,702,800 ","$2,625,718 "
2016,2016-2017,21,DeAndre' Bembry,Saint Joseph's,ATL,"$7,305,582 ","$1,499,760 ","$1,567,200 ","$1,634,640 ","$2,603,982 "
2016,2016-2017,22,Malachi Richardson,Syracuse,CHO,"$7,095,397 ","$1,439,880 ","$1,504,560 ","$1,569,360 ","$2,581,597 "
2016,2016-2017,23,Ante Zizic,,BOS,"$6,890,344 ","$1,382,280 ","$1,444,440 ","$1,506,720 ","$2,556,904 "
2016,2016-2017,24,Timothe Luwawu-Cabarrot,,PHI,"$6,689,604 ","$1,326,960 ","$1,386,600 ","$1,446,360 ","$2,529,684 "
2016,2016-2017,25,Brice Johnson,UNC,LAC,"$6,494,325 ","$1,273,920 ","$1,331,160 ","$1,388,520 ","$2,500,725 "
2016,2016-2017,26,Furkan Korkmaz,,PHI,"$6,281,419 ","$1,231,560 ","$1,287,000 ","$1,342,440 ","$2,420,419 "
2016,2016-2017,27,Pascal Siakam,New Mexico State,TOR,"$6,101,479 ","$1,196,040 ","$1,249,920 ","$1,303,680 ","$2,351,839 "
2016,2016-2017,28,Skal Labissiere,Kentucky,PHO,"$6,065,687 ","$1,188,840 ","$1,242,240 ","$1,295,760 ","$2,338,847 "
2016,2016-2017,29,Dejounte Murray,Washington,SAS,"$6,021,335 ","$1,180,080 ","$1,233,240 ","$1,286,280 ","$2,321,735 "
2016,2016-2017,30,Damian Jones,Vanderbilt,GSW,"$5,977,897 ","$1,171,560 ","$1,224,240 ","$1,277,040 ","$2,305,057 "
2017,2017-2018,1,Markelle Fultz,Washington,PHI,"$37,400,017 ","$7,026,240 ","$8,339,880 ","$9,745,200 ","$12,288,697 "
2017,2017-2018,2,Lonzo Ball,UCLA,LAL,"$33,471,622 ","$6,286,560 ","$7,461,960 ","$8,719,320 ","$11,003,782 "
2017,2017-2018,3,Jayson Tatum,Duke,BOS,"$30,073,320 ","$5,645,400 ","$6,700,800 ","$7,830,000 ","$9,897,120 "
2017,2017-2018,4,Josh Jackson,Kansas,PHO,"$27,121,282 ","$5,090,040 ","$6,041,520 ","$7,059,480 ","$8,930,242 "
2017,2017-2018,5,De'Aaron Fox,Kentucky,SAC,"$24,572,507 ","$4,609,200 ","$5,470,920 ","$6,392,760 ","$8,099,627 "
2017,2017-2018,6,Jonathan Isaac,Florida State,ORL,"$22,324,406 ","$4,186,320 ","$4,969,080 ","$5,806,440 ","$7,362,566 "
2017,2017-2018,7,Lauri Markkanen,Arizona,MIN,"$20,389,668 ","$3,821,640 ","$4,536,120 ","$5,300,400 ","$6,731,508 "
2017,2017-2018,8,Frank Ntilikina,,NYK,"$18,689,218 ","$3,501,120 ","$4,155,720 ","$4,855,800 ","$6,176,578 "
2017,2017-2018,9,Dennis Smith Jr.,NC State,DAL,"$17,188,557 ","$3,218,280 ","$3,819,960 ","$4,463,640 ","$5,686,677 "
2017,2017-2018,10,Zach Collins,Gonzaga,SAC,"$16,332,615 ","$3,057,240 ","$3,628,920 ","$4,240,200 ","$5,406,255 "
2017,2017-2018,11,Malik Monk,Kentucky,CHO,"$15,726,047 ","$2,904,480 ","$3,447,480 ","$4,028,400 ","$5,345,687 "
2017,2017-2018,12,Luke Kennard,Duke,DET,"$15,135,546 ","$2,759,280 ","$3,275,280 ","$3,827,160 ","$5,273,826 "
2017,2017-2018,13,Donovan Mitchell,Louisville,DEN,"$14,564,021 ","$2,621,280 ","$3,111,480 ","$3,635,760 ","$5,195,501 "
2017,2017-2018,14,Bam Adebayo,Kentucky,MIA,"$14,015,772 ","$2,490,360 ","$2,955,840 ","$3,454,080 ","$5,115,492 "
2017,2017-2018,15,Justin Jackson,UNC,POR,"$13,484,010 ","$2,365,560 ","$2,807,880 ","$3,280,920 ","$5,029,650 "
2017,2017-2018,16,Justin Patton,Creighton,CHI,"$12,814,166 ","$2,247,480 ","$2,667,600 ","$3,117,240 ","$4,781,846 "
2017,2017-2018,17,D.J. Wilson,Michigan,MIL,"$12,178,720 ","$2,135,040 ","$2,534,280 ","$2,961,120 ","$4,548,280 "
2017,2017-2018,18,T.J. Leaf,UCLA,IND,"$11,576,025 ","$2,028,360 ","$2,407,560 ","$2,813,280 ","$4,326,825 "
2017,2017-2018,19,John Collins,Wake Forest,ATL,"$11,059,862 ","$1,936,920 ","$2,299,080 ","$2,686,560 ","$4,137,302 "
2017,2017-2018,20,Harry Giles,Duke,POR,"$10,621,750 ","$1,859,400 ","$2,207,040 ","$2,578,800 ","$3,976,510 "
2017,2017-2018,21,Terrance Ferguson,,OKC,"$10,323,693 ","$1,785,000 ","$2,118,840 ","$2,475,840 ","$3,944,013 "
2017,2017-2018,22,Jarrett Allen,Texas,BRK,"$10,034,582 ","$1,713,720 ","$2,034,120 ","$2,376,840 ","$3,909,902 "
2017,2017-2018,23,OG Anunoby,Indiana,TOR,"$9,751,975 ","$1,645,200 ","$1,952,760 ","$2,281,800 ","$3,872,215 "
2017,2017-2018,24,Tyler Lydon,Syracuse,UTA,"$9,476,369 ","$1,579,440 ","$1,874,640 ","$2,190,720 ","$3,831,569 "
2017,2017-2018,25,Anzejs Pasecniks,,ORL,"$9,206,343 ","$1,516,200 ","$1,799,640 ","$2,103,000 ","$3,787,503 "
2017,2017-2018,26,Caleb Swanigan,Purdue,POR,"$8,904,867 ","$1,465,920 ","$1,740,000 ","$2,033,160 ","$3,665,787 "
2017,2017-2018,27,Kyle Kuzma,Utah,BRK,"$8,650,178 ","$1,423,560 ","$1,689,840 ","$1,974,600 ","$3,562,178 "
2017,2017-2018,28,Tony Bradley,UNC,LAL,"$8,598,860 ","$1,414,920 ","$1,679,520 ","$1,962,360 ","$3,542,060 "
2017,2017-2018,29,Derrick White,Colorado,SAS,"$8,536,124 ","$1,404,600 ","$1,667,160 ","$1,948,080 ","$3,516,284 "
2017,2017-2018,30,Josh Hart,Villanova,UTA,"$8,474,999 ","$1,394,520 ","$1,655,160 ","$1,934,160 ","$3,491,159 "
2018,2018-2019,1,Deandre Ayton,Arizona,PHO,"$40,379,230 ","$8,165,160 ","$9,562,920 ","$10,018,200 ","$12,632,950 "
2018,2018-2019,2,Marvin Bagley III,Duke,SAC,"$36,137,474 ","$7,305,600 ","$8,556,120 ","$8,963,640 ","$11,312,114 "
2018,2018-2019,3,Luka Doncic,,ATL,"$32,467,751 ","$6,560,640 ","$7,683,360 ","$8,049,360 ","$10,174,391 "
2018,2018-2019,4,Jaren Jackson Jr.,Michigan State,MEM,"$29,280,440 ","$5,915,040 ","$6,927,480 ","$7,257,360 ","$9,180,560 "
2018,2018-2019,5,Trae Young,Oklahoma,DAL,"$26,527,711 ","$5,356,440 ","$6,273,000 ","$6,571,800 ","$8,326,471 "
2018,2018-2019,6,Mo Bamba,Texas,ORL,"$24,100,423 ","$4,865,040 ","$5,697,600 ","$5,969,040 ","$7,568,743 "
2018,2018-2019,7,Wendell Carter Jr.,Duke,CHI,"$22,011,467 ","$4,441,200 ","$5,201,400 ","$5,448,840 ","$6,920,027 "
2018,2018-2019,8,Collin Sexton,Alabama,CLE,"$20,175,111 ","$4,068,600 ","$4,764,960 ","$4,991,880 ","$6,349,671 "
2018,2018-2019,9,Kevin Knox,Kentucky,NYK,"$18,554,698 ","$3,739,920 ","$4,380,120 ","$4,588,680 ","$5,845,978 "
2018,2018-2019,10,Mikal Bridges,Villanova,PHI,"$17,630,685 ","$3,552,960 ","$4,161,000 ","$4,359,000 ","$5,557,725 "
2018,2018-2019,11,Shai Gilgeous-Alexander,Kentucky,CHO,"$16,965,132 ","$3,375,360 ","$3,952,920 ","$4,141,320 ","$5,495,532 "
2018,2018-2019,12,Miles Bridges,Michigan State,LAC,"$16,317,853 ","$3,206,640 ","$3,755,400 ","$3,934,320 ","$5,421,493 "
2018,2018-2019,13,Jerome Robinson,Boston College,LAC,"$15,692,356 ","$3,046,200 ","$3,567,720 ","$3,737,520 ","$5,340,916 "
2018,2018-2019,14,Michael Porter Jr.,Missouri,DEN,"$15,093,095 ","$2,894,160 ","$3,389,400 ","$3,550,800 ","$5,258,735 "
2018,2018-2019,15,Troy Brown Jr.,Oregon,WAS,"$14,511,964 ","$2,749,080 ","$3,219,480 ","$3,372,840 ","$5,170,564 "
2018,2018-2019,16,Zhaire Smith,Texas Tech,PHO,"$13,791,056 ","$2,611,800 ","$3,058,800 ","$3,204,600 ","$4,915,856 "
2018,2018-2019,17,Donte DiVincenzo,Villanova,MIL,"$13,106,790 ","$2,481,000 ","$2,905,800 ","$3,044,160 ","$4,675,830 "
2018,2018-2019,18,Lonnie Walker IV,Miami (FL),SAS,"$12,457,536 ","$2,357,160 ","$2,760,480 ","$2,892,000 ","$4,447,896 "
2018,2018-2019,19,Kevin Huerter,Maryland,ATL,"$11,902,517 ","$2,250,960 ","$2,636,280 ","$2,761,920 ","$4,253,357 "
2018,2018-2019,20,Josh Okogie,Georgia Tech,MIN,"$11,430,344 ","$2,160,720 ","$2,530,680 ","$2,651,040 ","$4,087,904 "
2018,2018-2019,21,Grayson Allen,Duke,UTA,"$11,103,735 ","$2,074,320 ","$2,429,400 ","$2,545,320 ","$4,054,695 "
2018,2018-2019,22,Chandler Hutchison,Boise State,CHI,"$10,786,739 ","$1,991,520 ","$2,332,320 ","$2,443,440 ","$4,019,459 "
2018,2018-2019,23,Aaron Holiday,UCLA,IND,"$10,477,351 ","$1,911,960 ","$2,239,200 ","$2,345,640 ","$3,980,551 "
2018,2018-2019,24,Anfernee Simons,,POR,"$10,175,938 ","$1,835,520 ","$2,149,560 ","$2,252,040 ","$3,938,818 "
2018,2018-2019,25,Moritz Wagner,Michigan,LAL,"$9,881,138 ","$1,762,080 ","$2,063,520 ","$2,161,920 ","$3,893,618 "
2018,2018-2019,26,Landry Shamet,Wichita State,PHI,"$9,557,142 ","$1,703,640 ","$1,995,120 ","$2,090,040 ","$3,768,342 "
2018,2018-2019,27,Robert Williams,Texas A&M,BOS,"$9,283,856 ","$1,654,440 ","$1,937,520 ","$2,029,920 ","$3,661,976 "
2018,2018-2019,28,Jacob Evans,Cincinnati,GSW,"$9,228,703 ","$1,644,240 ","$1,925,880 ","$2,017,320 ","$3,641,263 "
2018,2018-2019,29,Dzanan Musa,,BRK,"$9,161,694 ","$1,632,240 ","$1,911,600 ","$2,002,800 ","$3,615,054 "
2018,2018-2019,30,Omari Spellman,Villanova,ATL,"$9,095,405 ","$1,620,480 ","$1,897,800 ","$1,988,280 ","$3,588,845 "
2019,2019-2020,1,Zion Williamson,Duke,NOP,"$44,271,137 ","$9,757,440 ","$10,245,480 ","$10,733,400 ","$13,534,817 "
2019,2019-2020,2,Ja Morant,Murray State,MEM,"$39,619,840 ","$8,730,240 ","$9,166,800 ","$9,603,360 ","$12,119,440 "
2019,2019-2020,3,RJ Barrett,Duke,NYK,"$35,596,275 ","$7,839,960 ","$8,231,760 ","$8,623,920 ","$10,900,635 "
2019,2019-2020,4,De'Andre Hunter,Virginia,LAL,"$32,101,641 ","$7,068,360 ","$7,422,000 ","$7,775,400 ","$9,835,881 "
2019,2019-2020,5,Darius Garland,Vanderbilt,CLE,"$29,083,315 ","$6,400,920 ","$6,720,720 ","$7,040,880 ","$8,920,795 "
2019,2019-2020,6,Jarrett Culver,Texas Tech,PHO,"$26,422,143 ","$5,813,640 ","$6,104,280 ","$6,395,160 ","$8,109,063 "
2019,2019-2020,7,Coby White,UNC,CHI,"$24,131,515 ","$5,307,120 ","$5,572,680 ","$5,837,760 ","$7,413,955 "
2019,2019-2020,8,Jaxson Hayes,Texas,ATL,"$22,118,492 ","$4,862,040 ","$5,105,160 ","$5,348,280 ","$6,803,012 "
2019,2019-2020,9,Rui Hachimura,Gonzaga,WAS,"$20,341,348 ","$4,469,160 ","$4,692,840 ","$4,916,160 ","$6,263,188 "
2019,2019-2020,10,Cam Reddish,Duke,ATL,"$19,328,334 ","$4,245,720 ","$4,458,000 ","$4,670,160 ","$5,954,454 "
2019,2019-2020,11,Cameron Johnson,UNC,MIN,"$18,593,499 ","$4,033,440 ","$4,235,160 ","$4,437,000 ","$5,887,899 "
2019,2019-2020,12,P.J. Washington,Kentucky,CHO,"$17,878,995 ","$3,831,840 ","$4,023,600 ","$4,215,120 ","$5,808,435 "
2019,2019-2020,13,Tyler Herro,Kentucky,MIA,"$17,188,836 ","$3,640,200 ","$3,822,240 ","$4,004,280 ","$5,722,116 "
2019,2019-2020,14,Romeo Langford,Indiana,BOS,"$16,528,217 ","$3,458,400 ","$3,631,200 ","$3,804,360 ","$5,634,257 "
2019,2019-2020,15,Sekou Doumbouya,,DET,"$15,887,971 ","$3,285,120 ","$3,449,400 ","$3,613,680 ","$5,539,771 "
2019,2019-2020,16,Chuma Okeke,Auburn,ORL,"$15,098,193 ","$3,121,080 ","$3,277,080 ","$3,433,320 ","$5,266,713 "
2019,2019-2020,17,Nickeil Alexander-Walker,Virginia Tech,BRK,"$14,349,113 ","$2,964,840 ","$3,113,160 ","$3,261,480 ","$5,009,633 "
2019,2019-2020,18,Goga Bitadze,,IND,"$13,638,019 ","$2,816,760 ","$2,957,520 ","$3,098,400 ","$4,765,339 "
2019,2019-2020,19,Luka Samanic,,SAS,"$13,030,303 ","$2,689,920 ","$2,824,320 ","$2,959,080 ","$4,556,983 "
2019,2019-2020,20,Matisse Thybulle,Washington,BOS,"$12,513,127 ","$2,582,160 ","$2,711,280 ","$2,840,160 ","$4,379,527 "
2019,2019-2020,21,Brandon Clarke,Gonzaga,OKC,"$12,152,560 ","$2,478,840 ","$2,602,920 ","$2,726,880 ","$4,343,920 "
2019,2019-2020,22,Grant Williams,Tennessee,BOS,"$11,802,681 ","$2,379,840 ","$2,498,760 ","$2,617,800 ","$4,306,281 "
2019,2019-2020,23,Darius Bazley,,UTA,"$11,461,629 ","$2,284,800 ","$2,399,160 ","$2,513,040 ","$4,264,629 "
2019,2019-2020,24,Ty Jerome,Virginia,PHI,"$11,129,417 ","$2,193,480 ","$2,303,040 ","$2,412,840 ","$4,220,057 "
2019,2019-2020,25,Nassir Little,UNC,POR,"$10,803,948 ","$2,105,520 ","$2,210,640 ","$2,316,240 ","$4,171,548 "
2019,2019-2020,26,Dylan Windler,Belmont,CLE,"$10,449,718 ","$2,035,800 ","$2,137,440 ","$2,239,200 ","$4,037,278 "
2019,2019-2020,27,Mfiondu Kabengele,Florida State,BRK,"$10,151,244 ","$1,977,000 ","$2,075,880 ","$2,174,880 ","$3,923,484 "
2019,2019-2020,28,Jordan Poole,Michigan,GSW,"$10,090,879 ","$1,964,760 ","$2,063,280 ","$2,161,440 ","$3,901,399 "
2019,2019-2020,29,Keldon Johnson,Kentucky,SAS,"$10,017,385 ","$1,950,600 ","$2,048,040 ","$2,145,720 ","$3,873,025 "
2019,2019-2020,30,Kevin Porter Jr.,USC,MIL,"$9,944,923 ","$1,936,440 ","$2,033,160 ","$2,130,240 ","$3,845,083 "
2020,2020-2021,1,Anthony Edwards,Georgia,MIN,"$44,271,137 ","$9,757,440 ","$10,245,480 ","$10,733,400 ","$13,534,817 "
2020,2020-2021,2,James Wiseman,Memphis,GSW,"$39,619,840 ","$8,730,240 ","$9,166,800 ","$9,603,360 ","$12,119,440 "
2020,2020-2021,3,LaMelo Ball,,CHO,"$35,596,275 ","$7,839,960 ","$8,231,760 ","$8,623,920 ","$10,900,635 "
2020,2020-2021,4,Patrick Williams,Florida State,CHI,"$32,101,641 ","$7,068,360 ","$7,422,000 ","$7,775,400 ","$9,835,881 "
2020,2020-2021,5,Isaac Okoro,Auburn,CLE,"$29,083,315 ","$6,400,920 ","$6,720,720 ","$7,040,880 ","$8,920,795 "
2020,2020-2021,6,Onyeka Okongwu,USC,ATL,"$26,422,143 ","$5,813,640 ","$6,104,280 ","$6,395,160 ","$8,109,063 "
2020,2020-2021,7,Killian Hayes,,DET,"$24,131,515 ","$5,307,120 ","$5,572,680 ","$5,837,760 ","$7,413,955 "
2020,2020-2021,8,Obi Toppin,Dayton,NYK,"$22,118,492 ","$4,862,040 ","$5,105,160 ","$5,348,280 ","$6,803,012 "
2020,2020-2021,9,Deni Avdija,,WAS,"$20,341,348 ","$4,469,160 ","$4,692,840 ","$4,916,160 ","$6,263,188 "
2020,2020-2021,10,Jalen Smith,Maryland,PHO,"$19,328,334 ","$4,245,720 ","$4,458,000 ","$4,670,160 ","$5,954,454 "
2020,2020-2021,11,Devin Vassell,Florida State,SAS,"$18,593,499 ","$4,033,440 ","$4,235,160 ","$4,437,000 ","$5,887,899 "
2020,2020-2021,12,Tyrese Haliburton,Iowa State,SAC,"$17,878,995 ","$3,831,840 ","$4,023,600 ","$4,215,120 ","$5,808,435 "
2020,2020-2021,13,Kira Lewis Jr.,Alabama,NOP,"$17,188,836 ","$3,640,200 ","$3,822,240 ","$4,004,280 ","$5,722,116 "
2020,2020-2021,14,Aaron Nesmith,Vanderbilt,BOS,"$16,528,217 ","$3,458,400 ","$3,631,200 ","$3,804,360 ","$5,634,257 "
2020,2020-2021,15,Cole Anthony,UNC,ORL,"$15,887,971 ","$3,285,120 ","$3,449,400 ","$3,613,680 ","$5,539,771 "
2020,2020-2021,16,Isaiah Stewart,Washington,POR,"$15,098,193 ","$3,121,080 ","$3,277,080 ","$3,433,320 ","$5,266,713 "
2020,2020-2021,17,Aleksej Pokusevski,,MIN,"$14,349,113 ","$2,964,840 ","$3,113,160 ","$3,261,480 ","$5,009,633 "
2020,2020-2021,18,Josh Green,Arizona,DAL,"$13,638,019 ","$2,816,760 ","$2,957,520 ","$3,098,400 ","$4,765,339 "
2020,2020-2021,19,Saddiq Bey,Villanova,BRK,"$13,030,303 ","$2,689,920 ","$2,824,320 ","$2,959,080 ","$4,556,983 "
2020,2020-2021,20,Precious Achiuwa,Memphis,MIA,"$12,513,127 ","$2,582,160 ","$2,711,280 ","$2,840,160 ","$4,379,527 "
2020,2020-2021,21,Tyrese Maxey,Kentucky,PHI,"$12,152,560 ","$2,478,840 ","$2,602,920 ","$2,726,880 ","$4,343,920 "
2020,2020-2021,22,Zeke Nnaji,Arizona,DEN,"$11,802,681 ","$2,379,840 ","$2,498,760 ","$2,617,800 ","$4,306,281 "
2020,2020-2021,23,Leandro Bolmaro,,NYK,"$11,461,629 ","$2,284,800 ","$2,399,160 ","$2,513,040 ","$4,264,629 "
2020,2020-2021,24,R.J. Hampton,,MIL,"$11,129,417 ","$2,193,480 ","$2,303,040 ","$2,412,840 ","$4,220,057 "
2020,2020-2021,25,Immanuel Quickley,Kentucky,OKC,"$10,803,948 ","$2,105,520 ","$2,210,640 ","$2,316,240 ","$4,171,548 "
2020,2020-2021,26,Payton Pritchard,Oregon,BOS,"$10,449,718 ","$2,035,800 ","$2,137,440 ","$2,239,200 ","$4,037,278 "
2020,2020-2021,27,Udoka Azubuike,Kansas,UTA,"$10,151,244 ","$1,977,000 ","$2,075,880 ","$2,174,880 ","$3,923,484 "
2020,2020-2021,28,Jaden McDaniels,Washington,LAL,"$10,090,879 ","$1,964,760 ","$2,063,280 ","$2,161,440 ","$3,901,399 "
2020,2020-2021,29,Malachi Flynn,San Diego State,TOR,"$10,017,385 ","$1,950,600 ","$2,048,040 ","$2,145,720 ","$3,873,025 "
2020,2020-2021,30,Desmond Bane,TCU,BOS,"$9,944,923 ","$1,936,440 ","$2,033,160 ","$2,130,240 ","$3,845,083 "
2021,2021-2022,1,Cade Cunningham,Oklahoma State,DET,"$45,599,089 ","$10,050,120 ","$10,552,800 ","$11,055,360 ","$13,940,809 "
2021,2021-2022,2,Jalen Green,,HOU,"$40,808,448 ","$8,992,080 ","$9,441,840 ","$9,891,480 ","$12,483,048 "
2021,2021-2022,3,Evan Mobley,USC,CLE,"$36,664,177 ","$8,075,160 ","$8,478,720 ","$8,882,640 ","$11,227,657 "
2021,2021-2022,4,Scottie Barnes,Florida State,TOR,"$33,064,660 ","$7,280,400 ","$7,644,600 ","$8,008,680 ","$10,130,980 "
2021,2021-2022,5,Jalen Suggs,Gonzaga,ORL,"$29,955,705 ","$6,592,920 ","$6,922,320 ","$7,252,080 ","$9,188,385 "
2021,2021-2022,6,Josh Giddey,,OKC,"$27,214,807 ","$5,988,000 ","$6,287,400 ","$6,587,040 ","$8,352,367 "
2021,2021-2022,7,Jonathan Kuminga,,GSW,"$24,855,347 ","$5,466,360 ","$5,739,840 ","$6,012,840 ","$7,636,307 "
2021,2021-2022,8,Franz Wagner,Michigan,ORL,"$22,781,932 ","$5,007,840 ","$5,258,280 ","$5,508,720 ","$7,007,092 "
2021,2021-2022,9,Davion Mitchell,Baylor,SAC,"$20,951,517 ","$4,603,200 ","$4,833,600 ","$5,063,640 ","$6,451,077 "
2021,2021-2022,10,Ziaire Williams,Stanford,NOP,"$19,907,925 ","$4,373,040 ","$4,591,680 ","$4,810,200 ","$6,133,005 "
2021,2021-2022,11,James Bouknight,UConn,CHO,"$19,151,216 ","$4,154,400 ","$4,362,240 ","$4,570,080 ","$6,064,496 "
2021,2021-2022,12,Joshua Primo,Alabama,SAS,"$18,415,445 ","$3,946,800 ","$4,144,320 ","$4,341,600 ","$5,982,725 "
2021,2021-2022,13,Chris Duarte,Oregon,IND,"$17,704,528 ","$3,749,400 ","$3,936,960 ","$4,124,400 ","$5,893,768 "
2021,2021-2022,14,Moses Moody,Arkansas,GSW,"$17,024,109 ","$3,562,200 ","$3,740,160 ","$3,918,480 ","$5,803,269 "
2021,2021-2022,15,Corey Kispert,Gonzaga,WAS,"$16,364,407 ","$3,383,640 ","$3,552,840 ","$3,722,040 ","$5,705,887 "
2021,2021-2022,16,Alperen Sengun,,OKC,"$15,550,974 ","$3,214,680 ","$3,375,360 ","$3,536,280 ","$5,424,654 "
2021,2021-2022,17,Trey Murphy III,Virginia,MEM,"$14,779,414 ","$3,053,760 ","$3,206,520 ","$3,359,280 ","$5,159,854 "
2021,2021-2022,18,Tre Mann,Florida,OKC,"$14,047,213 ","$2,901,240 ","$3,046,200 ","$3,191,400 ","$4,908,373 "
2021,2021-2022,19,Kai Jones,Texas,NYK,"$13,421,215 ","$2,770,560 ","$2,909,040 ","$3,047,880 ","$4,693,735 "
2021,2021-2022,20,Jalen Johnson,Duke,ATL,"$12,888,585 ","$2,659,680 ","$2,792,640 ","$2,925,360 ","$4,510,905 "
2021,2021-2022,21,Keon Johnson,Tennessee,NYK,"$12,517,291 ","$2,553,240 ","$2,681,040 ","$2,808,720 ","$4,474,291 "
2021,2021-2022,22,Isaiah Jackson,Kentucky,LAL,"$12,156,661 ","$2,451,240 ","$2,573,760 ","$2,696,280 ","$4,435,381 "
2021,2021-2022,23,Usman Garuba,,HOU,"$11,805,395 ","$2,353,320 ","$2,471,160 ","$2,588,400 ","$4,392,515 "
2021,2021-2022,24,Josh Christopher,Arizona State,HOU,"$11,463,215 ","$2,259,240 ","$2,372,160 ","$2,485,200 ","$4,346,615 "
2021,2021-2022,25,Quentin Grimes,Houston,LAC,"$11,128,042 ","$2,168,640 ","$2,277,000 ","$2,385,720 ","$4,296,682 "
2021,2021-2022,26,Bones Hyland,VCU,DEN,"$10,763,239 ","$2,096,880 ","$2,201,520 ","$2,306,400 ","$4,158,439 "
2021,2021-2022,27,Cam Thomas,LSU,BRK,"$10,455,849 ","$2,036,280 ","$2,138,160 ","$2,240,160 ","$4,041,249 "
2021,2021-2022,28,Jaden Springer,Tennessee,PHI,"$10,393,483 ","$2,023,680 ","$2,125,200 ","$2,226,240 ","$4,018,363 "
2021,2021-2022,29,Day'Ron Sharpe,UNC,PHO,"$10,317,802 ","$2,009,160 ","$2,109,480 ","$2,210,040 ","$3,989,122 "
2021,2021-2022,30,Santi Aldama,Loyola (MD),UTA,"$10,243,371 ","$1,994,520 ","$2,094,120 ","$2,194,200 ","$3,960,531 "
2022,2022-2023,1,Paolo Banchero,Duke,ORL,"$50,158,769 ","$11,055,120 ","$11,608,080 ","$12,160,800 ","$15,334,769 "
2022,2022-2023,2,Chet Holmgren,Gonzaga,OKC,"$44,889,248 ","$9,891,240 ","$10,386,000 ","$10,880,640 ","$13,731,368 "
2022,2022-2023,3,Jabari Smith Jr.,Auburn,HOU,"$40,330,432 ","$8,882,640 ","$9,326,520 ","$9,770,880 ","$12,350,392 "
2022,2022-2023,4,Keegan Murray,Iowa,SAC,"$36,371,093 ","$8,008,440 ","$8,409,000 ","$8,809,560 ","$11,144,093 "
2022,2022-2023,5,Jaden Ivey,Purdue,DET,"$32,951,083 ","$7,252,200 ","$7,614,480 ","$7,977,240 ","$10,107,163 "
2022,2022-2023,6,Bennedict Mathurin,Arizona,IND,"$29,936,173 ","$6,586,800 ","$6,916,080 ","$7,245,720 ","$9,187,573 "
2022,2022-2023,7,Shaedon Sharpe,Kentucky,POR,"$27,340,903 ","$6,012,960 ","$6,313,800 ","$6,614,160 ","$8,399,983 "
2022,2022-2023,8,Dyson Daniels,,NOP,"$25,059,949 ","$5,508,600 ","$5,784,120 ","$6,059,520 ","$7,707,709 "
2022,2022-2023,9,Jeremy Sochan,Baylor,SAS,"$23,046,751 ","$5,063,520 ","$5,316,960 ","$5,570,040 ","$7,096,231 "
2022,2022-2023,10,Johnny Davis,Wisconsin,WAS,"$21,898,509 ","$4,810,320 ","$5,050,800 ","$5,291,160 ","$6,746,229 "
2022,2022-2023,11,Ousmane Dieng,,NYK,"$21,066,202 ","$4,569,840 ","$4,798,440 ","$5,027,040 ","$6,670,882 "
2022,2022-2023,12,Jalen Williams,Santa Clara,OKC,"$20,256,917 ","$4,341,480 ","$4,558,680 ","$4,775,760 ","$6,580,997 "
2022,2022-2023,13,Jalen Duren,Memphis,CHO,"$19,474,944 ","$4,124,280 ","$4,330,680 ","$4,536,840 ","$6,483,144 "
2022,2022-2023,14,Ochai Agbaji,Kansas,CLE,"$18,726,365 ","$3,918,360 ","$4,114,200 ","$4,310,280 ","$6,383,525 "
2022,2022-2023,15,Mark Williams,Duke,CHO,"$18,001,011 ","$3,722,040 ","$3,908,160 ","$4,094,280 ","$6,276,531 "
2022,2022-2023,16,AJ Griffin,Duke,ATL,"$17,106,137 ","$3,536,160 ","$3,712,920 ","$3,889,920 ","$5,967,137 "
2022,2022-2023,17,Tari Eason,LSU,HOU,"$16,257,246 ","$3,359,160 ","$3,527,160 ","$3,695,160 ","$5,675,766 "
2022,2022-2023,18,Dalen Terry,Arizona,CHI,"$15,451,758 ","$3,191,400 ","$3,350,760 ","$3,510,480 ","$5,399,118 "
2022,2022-2023,19,Jake LaRavia,Wake Forest,MIN,"$14,763,367 ","$3,047,640 ","$3,199,920 ","$3,352,680 ","$5,163,127 "
2022,2022-2023,20,Malaki Branham,Ohio State,SAS,"$14,177,433 ","$2,925,600 ","$3,071,880 ","$3,217,920 ","$4,962,033 "
2022,2022-2023,21,Christian Braun,Kansas,DEN,"$13,769,157 ","$2,808,600 ","$2,949,120 ","$3,089,640 ","$4,921,797 "
2022,2022-2023,22,Walker Kessler,Auburn,MEM,"$13,372,418 ","$2,696,400 ","$2,831,160 ","$2,965,920 ","$4,878,938 "
2022,2022-2023,23,David Roddy,Colorado State,PHI,"$12,985,886 ","$2,588,640 ","$2,718,240 ","$2,847,240 ","$4,831,766 "
2022,2022-2023,24,MarJon Beauchamp,,MIL,"$12,609,596 ","$2,485,200 ","$2,609,400 ","$2,733,720 ","$4,781,276 "
2022,2022-2023,25,Blake Wesley,Notre Dame,SAS,"$12,240,728 ","$2,385,480 ","$2,504,640 ","$2,624,280 ","$4,726,328 "
2022,2022-2023,26,Wendell Moore Jr.,Duke,DAL,"$11,839,563 ","$2,306,520 ","$2,421,720 ","$2,537,040 ","$4,574,283 "
2022,2022-2023,27,Nikola Jovic,,MIA,"$11,501,537 ","$2,239,920 ","$2,352,000 ","$2,464,200 ","$4,445,417 "
2022,2022-2023,28,Patrick Baldwin Jr.,UW-Milwaukee,GSW,"$11,432,716 ","$2,226,000 ","$2,337,720 ","$2,448,840 ","$4,420,156 "
2022,2022-2023,29,TyTy Washington Jr.,Kentucky,MEM,"$11,349,659 ","$2,210,040 ","$2,320,440 ","$2,431,080 ","$4,388,099 "
2022,2022-2023,30,Peyton Watson,UCLA,OKC,"$11,267,516 ","$2,193,960 ","$2,303,520 ","$2,413,560 ","$4,356,476 "
2023,2023-2024,1,Victor Wembanyama,,SAS,"$55,174,766 ","$12,160,680 ","$12,768,960 ","$13,376,880 ","$16,868,246 "
2023,2023-2024,2,Brandon Miller,Alabama,CHO,"$49,378,426 ","$10,880,400 ","$11,424,600 ","$11,968,800 ","$15,104,626 "
2023,2023-2024,3,Scoot Henderson,,POR,"$44,363,603 ","$9,770,880 ","$10,259,160 ","$10,748,040 ","$13,585,523 "
2023,2023-2024,4,Amen Thompson,,HOU,"$40,008,489 ","$8,809,320 ","$9,249,960 ","$9,690,600 ","$12,258,609 "
2023,2023-2024,5,Ausar Thompson,,DET,"$36,246,405 ","$7,977,480 ","$8,376,000 ","$8,775,000 ","$11,117,925 "
2023,2023-2024,6,Anthony Black,Arkansas,ORL,"$32,929,836 ","$7,245,480 ","$7,607,760 ","$7,970,280 ","$10,106,316 "
2023,2023-2024,7,Bilal Coulibaly,,IND,"$30,075,132 ","$6,614,280 ","$6,945,240 ","$7,275,600 ","$9,240,012 "
2023,2023-2024,8,Jarace Walker,Houston,WAS,"$27,566,102 ","$6,059,520 ","$6,362,520 ","$6,665,520 ","$8,478,542 "
2023,2023-2024,9,Taylor Hendricks,Central Florida,UTA,"$25,351,580 ","$5,569,920 ","$5,848,680 ","$6,127,080 ","$7,805,900 "
2023,2023-2024,10,Cason Wallace,Kentucky,DAL,"$24,088,326 ","$5,291,400 ","$5,555,880 ","$5,820,240 ","$7,420,806 "
2023,2023-2024,11,Jett Howard,Michigan,ORL,"$23,172,779 ","$5,026,800 ","$5,278,320 ","$5,529,720 ","$7,337,939 "
2023,2023-2024,12,Dereck Lively II,Duke,OKC,"$22,282,691 ","$4,775,640 ","$5,014,560 ","$5,253,360 ","$7,239,131 "
2023,2023-2024,13,Gradey Dick,Kansas,TOR,"$21,422,551 ","$4,536,720 ","$4,763,760 ","$4,990,560 ","$7,131,511 "
2023,2023-2024,14,Jordan Hawkins,UConn,NOP,"$20,599,055 ","$4,310,160 ","$4,525,680 ","$4,741,320 ","$7,021,895 "
2023,2023-2024,15,Kobe Bufkin,Michigan,ATL,"$19,801,203 ","$4,094,280 ","$4,299,000 ","$4,503,720 ","$6,904,203 "
2023,2023-2024,16,Keyonte George,Baylor,UTA,"$18,816,885 ","$3,889,800 ","$4,084,200 ","$4,278,960 ","$6,563,925 "
2023,2023-2024,17,Jalen Hood-Schifino,Indiana,LAL,"$17,882,808 ","$3,695,040 ","$3,879,840 ","$4,064,640 ","$6,243,288 "
2023,2023-2024,18,Jaime Jaquez Jr.,UCLA,MIA,"$16,997,141 ","$3,510,600 ","$3,685,800 ","$3,861,600 ","$5,939,141 "
2023,2023-2024,19,Brandin Podziemski,Santa Clara,GSW,"$16,239,819 ","$3,352,440 ","$3,519,960 ","$3,687,960 ","$5,679,459 "
2023,2023-2024,20,Cam Whitmore,Villanova,HOU,"$15,595,310 ","$3,218,160 ","$3,379,080 ","$3,539,760 ","$5,458,310 "
2023,2023-2024,21,Noah Clowney,Alabama,BRK,"$15,146,274 ","$3,089,520 ","$3,244,080 ","$3,398,640 ","$5,414,034 "
2023,2023-2024,22,Dariq Whitehead,Duke,BRK,"$14,709,752 ","$2,966,040 ","$3,114,240 ","$3,262,560 ","$5,366,912 "
2023,2023-2024,23,Kris Murray,Iowa,POR,"$14,284,524 ","$2,847,480 ","$2,990,040 ","$3,132,000 ","$5,315,004 "
2023,2023-2024,24,Olivier-Maxence Prosper,Marquette,SAC,"$13,870,583 ","$2,733,720 ","$2,870,400 ","$3,007,080 ","$5,259,383 "
2023,2023-2024,25,Marcus Sasser,Houston,MEM,"$13,464,823 ","$2,624,040 ","$2,755,080 ","$2,886,720 ","$5,198,983 "
2023,2023-2024,26,Ben Sheppard,Belmont,IND,"$13,023,429 ","$2,537,160 ","$2,663,880 ","$2,790,720 ","$5,031,669 "
2023,2023-2024,27,Nick Smith Jr.,Arkansas,CHO,"$12,651,907 ","$2,463,960 ","$2,587,200 ","$2,710,680 ","$4,890,067 "
2023,2023-2024,28,Brice Sensabaugh,Ohio State,UTA,"$12,576,077 ","$2,448,600 ","$2,571,480 ","$2,693,760 ","$4,862,237 "
2023,2023-2024,29,Julian Strawther,Gonzaga,IND,"$12,484,731 ","$2,431,080 ","$2,552,520 ","$2,674,200 ","$4,826,931 "
2023,2023-2024,30,Kobe Brown,Missouri,LAC,"$12,394,179 ","$2,413,320 ","$2,533,920 ","$2,654,880 ","$4,792,059 "
2024,2024-2025,1,Zaccharie Risacher,,ATL,"$57,027,437 ","$12,569,040 ","$13,197,720 ","$13,826,040 ","$17,434,637 "
2024,2024-2025,2,Alex Sarr,,WAS,"$51,036,398 ","$11,245,680 ","$11,808,240 ","$12,370,680 ","$15,611,798 "
2024,2024-2025,3,Reed Sheppard,Kentucky,HOU,"$45,853,025 ","$10,098,960 ","$10,603,560 ","$11,108,880 ","$14,041,625 "
2024,2024-2025,4,Stephon Castle,UConn,SAS,"$41,351,699 ","$9,105,120 ","$9,560,520 ","$10,015,920 ","$12,670,139 "
2024,2024-2025,5,Ron Holland,,DET,"$37,463,383 ","$8,245,320 ","$8,657,280 ","$9,069,600 ","$11,491,183 "
2024,2024-2025,6,Tidjane Salaun,,CHO,"$34,035,473 ","$7,488,720 ","$7,863,240 ","$8,237,880 ","$10,445,633 "
2024,2024-2025,7,Donovan Clingan,UConn,POR,"$31,085,018 ","$6,836,400 ","$7,178,400 ","$7,519,920 ","$9,550,298 "
2024,2024-2025,8,Rob Dillingham,Kentucky,SAS,"$28,491,576 ","$6,262,920 ","$6,576,120 ","$6,889,320 ","$8,763,216 "
2024,2024-2025,9,Zach Edey,Purdue,MEM,"$26,202,577 ","$5,756,880 ","$6,045,000 ","$6,332,760 ","$8,067,937 "
2024,2024-2025,10,Cody Williams,Colorado,UTA,"$24,897,090 ","$5,469,120 ","$5,742,480 ","$6,015,600 ","$7,669,890 "
2024,2024-2025,11,Matas Buzelis,,CHI,"$23,950,723 ","$5,195,520 ","$5,455,560 ","$5,715,360 ","$7,584,283 "
2024,2024-2025,12,Nikola Topic,,OKC,"$23,030,850 ","$4,935,960 ","$5,182,920 ","$5,429,760 ","$7,482,210 "
2024,2024-2025,13,Devin Carter,Providence,SAC,"$22,141,697 ","$4,689,000 ","$4,923,720 ","$5,158,080 ","$7,370,897 "
2024,2024-2025,14,Bub Carrington,Pitt,POR,"$21,290,770 ","$4,454,880 ","$4,677,600 ","$4,900,560 ","$7,257,730 "
2024,2024-2025,15,Kel'el Ware,Indiana,MIA,"$20,466,073 ","$4,231,800 ","$4,443,360 ","$4,654,920 ","$7,135,993 "
2024,2024-2025,16,Jared McCain,Duke,PHI,"$19,448,588 ","$4,020,360 ","$4,221,360 ","$4,422,600 ","$6,784,268 "
2024,2024-2025,17,Dalton Knecht,Tennessee,LAL,"$18,483,220 ","$3,819,120 ","$4,010,160 ","$4,201,080 ","$6,452,860 "
2024,2024-2025,18,Tristan Da Silva,Colorado,ORL,"$17,567,626 ","$3,628,440 ","$3,809,520 ","$3,991,200 ","$6,138,466 "
2024,2024-2025,19,Ja'Kobe Walter,Baylor,TOR,"$16,785,132 ","$3,465,000 ","$3,638,160 ","$3,811,800 ","$5,870,172 "
2024,2024-2025,20,Jaylon Tyson,California,CLE,"$16,118,700 ","$3,326,160 ","$3,492,480 ","$3,658,560 ","$5,641,500 "
2024,2024-2025,21,Yves Missi,Baylor,NOP,"$15,654,827 ","$3,193,200 ","$3,353,040 ","$3,512,760 ","$5,595,827 "
2024,2024-2025,22,DaRon Holmes,Dayton,PHO,"$15,203,658 ","$3,065,640 ","$3,218,760 ","$3,372,120 ","$5,547,138 "
2024,2024-2025,23,AJ Johnson,,MIL,"$14,764,114 ","$2,943,120 ","$3,090,480 ","$3,237,120 ","$5,493,394 "
2024,2024-2025,24,Kyshawn George,Miami (FL),NYK,"$14,336,172 ","$2,825,520 ","$2,966,760 ","$3,108,000 ","$5,435,892 "
2024,2024-2025,25,Pacome Dadiet,,NYK,"$13,917,008 ","$2,712,120 ","$2,847,600 ","$2,983,680 ","$5,373,608 "
2024,2024-2025,26,Dillon Jones,Weber State,WAS,"$13,460,726 ","$2,622,360 ","$2,753,280 ","$2,884,440 ","$5,200,646 "
2024,2024-2025,27,Terrence Shannon Jr.,Illinois,MIN,"$13,076,519 ","$2,546,640 ","$2,674,080 ","$2,801,640 ","$5,054,159 "
2024,2024-2025,28,Ryan Dunn,Virginia,DEN,"$12,998,353 ","$2,530,800 ","$2,657,760 ","$2,784,240 ","$5,025,553 "
2024,2024-2025,29,Isaiah Collier,USC,UTA,"$12,903,788 ","$2,512,680 ","$2,638,200 ","$2,763,960 ","$4,988,948 "
2024,2024-2025,30,Baylor Scheierman,Creighton,BOS,"$12,810,353 ","$2,494,320 ","$2,619,000 ","$2,744,040 ","$4,952,993 "
2025,2025-2026,1,Cooper Flagg,Duke,DAL,"$62,730,226 ","$13,825,920 ","$14,517,480 ","$15,208,680 ","$19,178,146 "
2025,2025-2026,2,Dylan Harper,Rutgers University,SAS,"$56,140,114 ","$12,370,320 ","$12,989,040 ","$13,607,760 ","$17,172,994 "
2025,2025-2026,3,VJ Edgecombe,Baylor,PHI,"$50,438,478 ","$11,108,880 ","$11,663,880 ","$12,219,840 ","$15,445,878 "
2025,2025-2026,4,Kon Knueppel,Duke,CHO,"$45,487,014 ","$10,015,680 ","$10,516,560 ","$11,017,560 ","$13,937,214 "
2025,2025-2026,5,Ace Bailey,Rutgers University,UTA,"$41,209,782 ","$9,069,840 ","$9,523,080 ","$9,976,560 ","$12,640,302 "
2025,2025-2026,6,Tre Johnson,Texas,WAS,"$37,439,131 ","$8,237,640 ","$8,649,600 ","$9,061,680 ","$11,490,211 "
2025,2025-2026,7,Jeremiah Fears,Oklahoma,NOP,"$34,193,629 ","$7,520,040 ","$7,896,240 ","$8,271,960 ","$10,505,389 "
2025,2025-2026,8,Egor Demin,BYU,BRK,"$31,340,682 ","$6,889,200 ","$7,233,720 ","$7,578,240 ","$9,639,522 "
2025,2025-2026,9,Collin Murray-Boyles,South Carolina,TOR,"$28,822,764 ","$6,332,520 ","$6,649,560 ","$6,966,000 ","$8,874,684 "
2025,2025-2026,10,Khaman Maluach,Duke,HOU,"$27,386,800 ","$6,016,080 ","$6,316,680 ","$6,617,160 ","$8,436,880 "
2025,2025-2026,11,Cedric Coward,Washington State,POR,"$26,345,863 ","$5,715,120 ","$6,001,080 ","$6,286,920 ","$8,342,743 "
2025,2025-2026,12,Noa Essengue,,CHI,"$25,333,944 ","$5,429,520 ","$5,701,200 ","$5,972,760 ","$8,230,464 "
2025,2025-2026,13,Derik Queen,Maryland,ATL,"$24,355,798 ","$5,157,960 ","$5,416,080 ","$5,673,840 ","$8,107,918 "
2025,2025-2026,14,Carter Bryant,Arizona,SAS,"$23,419,859 ","$4,900,320 ","$5,145,360 ","$5,390,640 ","$7,983,539 "
2025,2025-2026,15,Thomas Sorber,Georgetown,OKC,"$22,512,733 ","$4,655,040 ","$4,887,720 ","$5,120,400 ","$7,849,573 "
2025,2025-2026,16,Yang Hansen,,MEM,"$21,393,588 ","$4,422,360 ","$4,643,520 ","$4,864,920 ","$7,462,788 "
2025,2025-2026,17,Joan Beringer,,MIN,"$20,331,643 ","$4,201,080 ","$4,411,200 ","$4,621,200 ","$7,098,163 "
2025,2025-2026,18,Walter Clayton,Florida,WAS,"$19,324,472 ","$3,991,320 ","$4,190,520 ","$4,390,320 ","$6,752,312 "
2025,2025-2026,19,Nolan Traore,,BRK,"$18,463,882 ","$3,811,560 ","$4,002,000 ","$4,193,040 ","$6,457,282 "
2025,2025-2026,20,Kasparas Jakucionis,Illinois,MIA,"$17,730,607 ","$3,658,800 ","$3,841,680 ","$4,024,440 ","$6,205,687 "
2025,2025-2026,21,Will Riley,Illinois,UTA,"$17,220,192 ","$3,512,520 ","$3,688,320 ","$3,864,000 ","$6,155,352 "
2025,2025-2026,22,Drake Powell,UNC,ATL,"$16,723,992 ","$3,372,240 ","$3,540,600 ","$3,709,320 ","$6,101,832 "
2025,2025-2026,23,Asa Newell,Georgia,IND,"$16,240,654 ","$3,237,480 ","$3,399,480 ","$3,560,880 ","$6,042,814 "
2025,2025-2026,24,Nique Clifford,Colorado State,OKC,"$15,769,801 ","$3,108,120 ","$3,263,400 ","$3,418,800 ","$5,979,481 "
2025,2025-2026,25,Jase Richardson,Michigan State,ORL,"$15,308,562 ","$2,983,320 ","$3,132,360 ","$3,282,000 ","$5,910,882 "
2025,2025-2026,26,Ben Saraf,,BRK,"$14,806,816 ","$2,884,560 ","$3,028,560 ","$3,172,920 ","$5,720,776 "
2025,2025-2026,27,Danny Wolf,Michigan,BRK,"$14,384,200 ","$2,801,280 ","$2,941,440 ","$3,081,840 ","$5,559,640 "
2025,2025-2026,28,Hugo Gonzalez,,BOS,"$14,298,145 ","$2,783,880 ","$2,923,560 ","$3,062,640 ","$5,528,065 "
2025,2025-2026,29,Liam McNeeley,UConn,PHO,"$14,194,138 ","$2,763,960 ","$2,902,080 ","$3,040,320 ","$5,487,778 "
2025,2025-2026,30,Yanic Konan Niederhauser,Penn State,LAC,"$14,091,596 ","$2,743,800 ","$2,880,960 ","$3,018,480 ","$5,448,356 "
